Timestamp,S_EXPOSE,APERTURE,EXPOSURE
1889.849952435312,31.345,0.2,10.0
1890.745858066971,18.258,0.2,18.0
1890.746052130898,20.0,0.2,19.0
1890.9047888127855,35.172,0.2,13.0
1890.964904870624,10.259,0.2,16.0
1891.0360502283106,11.134,0.2,11.0
1891.9428405631659,16.773,0.2,11.0
1891.9484550989346,15.809,0.2,20.0
1892.0004496812387,22.573,0.2,11.0
1892.6811797966,22.573,0.2,12.0
1892.7166552823314,11.472,0.2,12.0
1892.7411316029145,12.439,0.2,10.0
1892.746529675167,11.046,0.2,11.0
1893.5709646118721,25.347,0.2,11.0
1893.5762404870625,24.0,0.2,12.0
1893.6037480974126,14.392,0.2,10.0
1893.6911092085236,12.043,0.2,15.0
1893.7212404870625,11.464,0.2,14.0
1894.3275285388129,11.414,0.6,12.0
1894.450190258752,14.0,0.2,15.0
1894.4639193302892,19.0,0.2,14.0
1894.608947869102,11.678,0.2,12.0
1894.630985540335,26.807,0.6,19.0
1894.8935502283105,14.212,0.2,17.0
1895.335447108067,14.0,0.2,14.0
1895.5793398021308,11.279,0.2,14.0
1895.5873668188738,50.0,0.2,23.0
1895.6639573820396,10.0,0.2,21.0
1895.664006849315,11.987,0.2,10.0
1895.6693702435311,18.148,0.6,10.0
1895.6693968797565,13.759,0.2,10.0
1895.6724714611871,15.0,0.2,10.0
1895.6997526636226,11.769,0.6,24.0
1895.7513222983257,10.0,0.2,10.0
1895.8472336377474,13.453,0.2,14.0
1896.1519675925927,11.343,0.2,15.0
1896.2309293412266,23.0,0.2,26.0
1896.5309900576806,13.16,0.2,19.0
1896.5747988767455,17.933,0.2,10.0
1896.7223398603521,30.502,0.2,11.0
1897.3001426940639,14.589,0.2,13.0
1897.6286054033485,14.403,0.2,14.0
1897.7189345509894,8.134,0.2,10.0
1898.0032286910198,13.443,0.2,11.0
1898.0360388127854,31.13,0.2,14.0
1898.5165410958905,29.558,0.2,10.0
1899.3110977929985,18.369,0.2,23.0
1899.3247222222221,13.697,0.038,58.0
1899.3931659056316,14.986,0.2,13.0
1899.4229356925418,9.901,0.2,10.0
1899.4230517503804,10.6,0.2,11.0
1899.4233618721462,12.762,0.2,12.0
1899.4364155251142,19.535,0.2,13.0
1899.4364402587519,15.726,0.2,10.0
1899.4364687975647,17.88,0.2,15.0
1899.43649543379,16.619,0.2,10.0
1899.4365163622526,12.926,0.2,10.0
1899.436704718417,17.041,0.2,14.0
1899.436891171994,9.418,0.2,15.0
1899.4370795281584,21.528,0.2,11.0
1899.4669882039573,11.209,0.2,14.0
1899.4863698630138,24.725,0.2,30.0
1899.5245871385084,10.77,0.2,18.0
1899.527191780822,10.37,0.2,12.0
1899.6993264840182,7.686,0.2,11.0
1900.1907553272451,31.618,0.2,18.0
1900.2563603500762,7.593,0.2,18.0
1900.2891666666667,13.78,0.2,10.0
1900.3575095129377,15.011,0.2,15.0
1900.7379052511415,10.6,0.2,12.0
1900.7568854642313,7.568,0.6,10.0
1900.8007096651445,8.234,0.2,10.0
1900.8390848554034,18.406,0.2,10.0
1900.8611681887367,15.892,0.2,16.0
1901.138662480974,10.364,0.038,66.0
1901.6257248858446,13.075,0.2,61.0
1901.688892694064,9.815,0.038,236.0
1901.789941019787,11.23,0.038,101.0
1901.7977168949772,10.311,0.2,10.0
1901.7979052511416,7.873,0.2,10.0
1901.7980194063928,8.227,0.2,10.0
1901.8443169710806,10.992,0.038,97.0
1901.860865677321,8.65,0.038,61.0
1901.8883885083715,18.406,0.038,81.0
1901.9100323439877,8.831,0.038,63.0
1901.9183656773212,11.435,0.038,59.0
1902.469659436834,14.472,0.2,8.0
1902.489090563166,25.743,0.2,21.0
1902.535190258752,7.05,0.6,10.0
1902.603508371385,8.754,0.2,18.0
1902.6178348554033,11.168,0.2,14.0
1902.617863394216,10.448,0.2,10.0
1902.6447926179603,9.531,0.2,10.0
1902.6554737442923,10.576,0.2,20.0
1902.6558085996955,10.682,0.2,46.0
1902.656040715373,13.266,0.2,10.0
1902.7737842465754,9.736,0.038,76.0
1902.7760578386606,13.151,0.038,86.0
1902.8280156012177,8.733,0.038,104.0
1902.8526598173517,11.407,0.038,69.0
1902.9812785388128,10.576,0.038,72.0
1903.092111872146,10.551,0.2,15.0
1903.0922222222223,34.569,0.2,18.0
1903.1521194824961,16.866,0.2,17.0
1903.152334474886,13.443,0.2,14.0
1903.1524315068493,50.0,0.2,13.0
1903.1796404109589,12.304,0.2,27.0
1903.1798078386605,17.62,0.2,15.0
1903.2315886605784,8.989,0.2,17.0
1903.2318055555556,25.454,0.2,17.0
1903.2807134703196,29.655,0.2,12.0
1903.2807648401827,20.53,0.2,10.0
1903.305605022831,12.673,0.2,27.0
1903.3245909436835,11.026,0.2,32.0
1903.3300818112634,10.527,0.2,31.0
1903.3547279299848,21.605,0.2,20.0
1903.3931887366819,10.65,0.2,13.0
1903.3932534246576,12.638,0.2,15.0
1903.4175913242009,10.887,0.2,38.0
1903.4178748097413,15.406,0.2,34.0
1903.4778652968037,8.814,0.038,78.0
1903.5049315068493,15.565,0.2,21.0
1903.5054452054794,12.131,0.2,10.0
1903.568291476408,9.18,0.2,23.0
1903.5684189497717,11.066,0.2,34.0
1903.5685159817351,8.905,0.2,13.0
1903.5686396499239,18.276,0.2,10.0
1903.6177758751903,15.161,0.2,10.0
1903.617863394216,20.6,0.2,18.0
1903.617954718417,20.346,0.2,12.0
1903.6180041856926,50.0,0.2,15.0
1903.6308561643837,10.353,0.2,10.0
1903.6309703196348,9.96,0.2,24.0
1903.6311700913243,12.362,0.2,19.0
1903.6315201674277,11.357,0.2,17.0
1903.6557382039573,12.155,0.2,14.0
1903.6559741248097,10.394,0.2,10.0
1903.656103500761,12.043,0.2,17.0
1903.705447108067,9.311,0.2,19.0
1903.7055156012177,10.088,0.2,11.0
1903.7055821917809,9.184,0.2,10.0
1903.7464916286149,14.101,0.2,40.0
1903.7869863013698,12.673,0.2,39.0
1903.8226807458143,11.086,0.038,67.0
1903.8251978691019,10.848,0.038,88.0
1903.8309075342465,11.823,0.2,15.0
1903.8310159817352,14.851,0.2,13.0
1903.9019273211568,12.889,0.038,74.0
1903.9538812785388,9.143,0.2,10.0
1903.9540296803652,9.674,0.2,16.0
1903.9540810502283,10.576,0.2,20.0
1903.9921974885845,26.494,0.2,16.0
1904.3482031724348,9.393,0.2,10.0
1904.6676096690953,10.004,0.038,78.0
1904.8558970856102,10.247,0.038,330.0
1905.691198630137,12.612,0.2,10.0
1905.7650304414003,10.6,0.2,10.0
1906.6254337899543,6.871,0.6,12.0
1906.6774619482496,11.279,0.038,63.0
1906.699343607306,7.709,0.6,120.0
1906.8498630136987,10.644,0.038,74.0
1908.765892531876,14.719,0.2,12.0
1909.0032077625572,23.09,0.038,76.0
1909.0784512937596,13.423,0.038,60.0
1909.1551065449012,10.071,0.038,60.0
1909.412155631659,14.392,0.038,60.0
1909.9156183409436,11.924,0.038,72.0
1910.5183713850838,14.9,0.4,60.0
1910.5841248097413,12.295,0.4,60.0
1910.8663850837138,11.979,0.038,63.0
1910.9757800608827,10.218,0.038,65.0
1911.6204737442922,12.585,0.038,62.0
1911.6334398782344,11.189,0.4,30.0
1911.633848934551,7.897,0.038,60.0
1911.7048725266363,8.344,0.038,56.0
1911.863500761035,9.078,0.038,80.0
1911.8689916286148,8.175,0.038,87.0
1911.91825152207,16.993,0.038,71.0
1911.9346575342465,14.484,0.038,60.0
1912.7930764268367,8.54,0.038,62.0
1912.7984479356405,10.809,0.038,61.0
1912.924074074074,8.524,0.038,73.0
1913.2618740487062,14.301,0.038,53.0
1913.4972241248097,9.17,0.038,60.0
1913.5793226788433,8.386,0.038,70.0
1913.6147888127855,9.02,0.038,69.0
1913.6504452054794,9.083,0.4,10.0
1913.6638622526636,7.752,0.4,10.0
1913.6940677321156,9.156,0.038,60.0
1913.7295814307458,8.552,0.4,10.0
1913.7323097412482,8.378,0.4,10.0
1913.7432286910198,10.021,0.038,67.0
1913.7950722983257,12.542,0.4,10.0
1913.8061681887366,8.306,0.4,10.0
1913.8089802130899,8.984,0.038,80.0
1913.8225266362253,9.245,0.4,10.0
1913.8416038812786,8.642,0.4,10.0
1913.9018264840183,9.088,0.038,84.0
1913.9648078386606,15.686,0.038,60.0
1914.41224695586,9.71,0.038,62.0
1914.4616856925418,10.539,0.4,10.0
1914.4754090563165,12.295,0.4,10.0
1914.5053633942161,8.971,0.4,10.0
1914.5573953576863,10.835,0.038,60.0
1914.6475133181127,10.436,0.038,61.0
1914.6884627092845,10.195,0.038,61.0
1914.691230974125,9.89,0.038,59.0
1914.6993740487062,9.502,0.4,10.0
1914.7102758751903,10.874,0.4,10.0
1914.7185540334856,9.226,0.4,10.0
1914.7732648401827,10.099,0.038,65.0
1914.7813356164384,11.807,0.4,10.0
1914.781356544901,10.442,0.4,10.0
1914.8799695585997,9.217,0.038,86.0
1915.3548363774735,9.203,0.038,60.0
1915.4175209284626,12.807,0.4,42.0
1915.5137442922373,11.093,0.038,62.0
1915.5218226788431,8.253,0.4,10.0
1915.521847412481,8.283,0.4,10.0
1915.5299752663623,10.364,0.4,10.0
1915.5381506849315,9.487,0.4,10.0
1915.5381735159817,9.161,0.4,10.0
1915.7159341704719,11.731,0.038,60.0
1915.8499372146118,10.23,0.038,60.0
1915.9045357686452,11.321,0.038,61.0
1916.574339708561,11.175,0.4,79.0
1916.6730362021858,10.276,0.038,60.0
1916.7164162112933,9.311,0.4,69.0
1916.8720286885246,10.472,0.038,65.0
1917.2453405631659,10.65,0.038,58.0
1917.8526636225267,10.992,0.038,61.0
1917.956601978691,11.019,0.038,60.0
1918.8607305936073,8.831,0.038,65.0
1919.3822564687976,14.565,0.038,70.0
1923.237187975647,17.235,0.076,66.0
1923.4452473363774,9.472,0.2,7.0
1923.5923515981735,9.653,0.4,30.0
1923.7650171232876,13.228,0.2,21.0
1923.765095129376,9.982,0.2,20.0
1923.7652435312025,10.127,0.2,22.0
1923.7654014459665,10.496,0.2,20.0
1923.7655289193303,10.848,0.2,20.0
1923.765637366819,9.497,0.2,20.0
1923.7705384322678,10.913,0.076,61.0
1923.7924219939118,10.638,0.2,22.0
1923.7926598173517,11.604,0.2,20.0
1923.7927739726028,10.027,0.2,20.0
1923.7930003805175,9.95,0.2,20.0
1923.8199219939117,23.848,0.2,20.0
1923.820036149163,30.147,0.2,20.0
1923.8202644596652,33.178,0.2,20.0
1924.2092725409836,10.0,0.2,14.0
1924.2502580449302,15.906,0.2,12.0
1924.2800812082573,12.871,0.066,60.0
1924.3236832119005,12.019,0.066,62.0
1924.4166438979964,16.379,0.066,78.0
1924.6484289617486,9.684,0.2,10.0
1925.6115296803653,11.545,0.4,36.0
1925.6142694063926,18.519,0.4,56.0
1925.6583789954338,12.629,0.038,70.0
1925.7376084474886,8.605,0.2,7.0
1925.7485635464232,11.052,0.2,6.0
1926.7868721461186,14.827,0.4,30.0
1926.8169273211568,10.021,0.2,20.0
1926.8443226788431,11.328,0.2,23.25
1927.4723401826484,9.617,0.2,10.0
1927.507420091324,45.83,0.4,65.0
1927.5900684931507,25.454,0.066,61.0
1927.59549847793,13.266,0.066,78.0
1927.7102872907153,22.714,0.066,64.0
1927.7623401826484,14.695,0.066,60.0
1927.8279242770168,24.525,0.066,60.0
1927.8717313546424,29.51,0.4,62.0
1928.3020624620522,23.791,0.075,61.0
1928.54227003643,37.653,0.4,62.0
1928.5669133272618,14.761,0.075,53.0
1928.6157957650273,31.453,0.4,72.0
1928.7248614905889,35.726,0.4,73.0
1928.7274704007286,20.323,0.4,30.0
1928.776635549484,10.521,0.038,61.0
1928.8338778840316,12.18,0.038,71.0
1929.3383656773212,13.931,0.075,65.0
1929.420479452055,14.797,0.075,72.0
1929.5025837138508,9.35,0.038,61.0
1929.5027834855402,23.297,0.4,62.0
1929.5238584474887,8.87,0.1,30.0
1929.527203196347,19.77,0.038,64.0
1929.5375570776255,9.259,0.1,60.0
1929.5381697108066,8.532,0.038,60.0
1929.5786529680365,9.283,0.1,60.0
1929.5813926940639,10.224,0.1,30.0
1929.5923515981735,8.827,0.1,35.0
1929.7567351598173,11.971,0.1,45.0
1930.776147260274,10.706,0.075,60.0
1930.8607895738203,8.468,0.038,60.0
1931.3275057077626,9.934,0.075,63.0
1931.4806582952815,13.403,0.038,87.0
1931.5410064687976,12.965,0.075,70.0
1931.6227130898021,11.102,0.075,65.0
1931.6911339421613,10.448,0.038,63.0
1931.7844882039574,12.092,0.075,71.0
1931.8582343987823,16.183,0.075,60.0
1931.86898782344,22.771,0.2,72.0
1931.9209912480974,12.744,0.2,31.0
1931.9347850076103,11.343,0.038,62.0
1932.2529428506375,19.826,0.075,55.0
1932.4221482240437,19.977,0.075,60.0
1932.4330506223437,18.374,0.075,92.0
1932.5367258652095,11.872,0.075,57.0
1932.771233682453,15.003,0.075,53.0
1933.2426407914763,21.427,0.2,61.0
1933.245428082192,18.203,0.2,60.0
1933.3083637747336,44.922,0.2,60.0
1933.3137899543378,11.987,0.075,45.0
1933.3192598934552,18.313,0.038,60.0
1933.3767846270928,50.0,0.2,65.0
1933.4178082191781,21.476,0.075,66.0
1933.4559512937594,15.847,0.075,80.0
1933.6422050989345,38.245,0.075,66.0
1933.803255327245,12.439,0.038,60.0
1933.8033961187214,10.211,0.075,48.0
1933.8197450532725,9.999,0.075,60.0
1933.8881430745814,11.4,0.038,60.0
1933.934798325723,8.962,0.075,10.0
1933.948460806697,10.956,0.075,46.0
1934.047089041096,16.118,0.2,11.0
1934.0497964231354,42.602,0.2,30.0
1934.108548325723,15.33,0.075,36.0
1934.2016799847793,50.0,0.075,49.0
1934.2180631659057,50.0,0.075,63.0
1934.272804414003,45.345,0.075,60.0
1934.316601978691,22.956,0.075,54.0
1934.3494254185694,50.0,0.075,60.0
1934.3521575342465,50.0,0.075,63.0
1934.3631145357685,50.0,0.075,58.0
1934.4779661339421,10.62,0.075,72.0
1934.6668131659055,13.374,0.038,61.0
1934.7349200913243,11.015,0.075,60.0
1934.8033162100458,13.805,0.075,46.0
1934.8171289954337,11.668,0.075,60.0
1934.8417579908676,26.456,0.038,127.0
1934.8636415525114,13.17,0.038,85.0
1935.2343721461186,36.297,0.2,23.0
1935.2344653729072,11.758,0.075,62.0
1935.2370814307458,13.61,0.075,60.0
1935.2372317351599,26.226,0.2,20.0
1935.2398839421614,11.675,0.075,40.0
1935.2400152207001,50.0,0.2,11.0
1935.2452663622526,9.006,0.075,40.0
1935.2562252663622,10.738,0.075,50.0
1935.2589707001523,10.492,0.075,30.0
1935.264453957382,9.586,0.075,40.0
1935.264640410959,50.0,0.2,20.0
1935.2672336377473,9.159,0.075,40.0
1935.2753633942161,10.468,0.075,40.0
1935.2945643074581,28.314,0.075,40.0
1935.3409246575343,8.528,0.075,35.0
1935.3628843226788,10.93,0.075,40.0
1935.3711834094368,15.355,0.075,54.0
1935.3902149923897,21.965,0.075,31.0
1935.398536910198,9.967,0.075,37.0
1935.4012842465754,12.411,0.075,57.0
1935.4123040334855,11.168,0.038,65.0
1935.445256849315,16.804,0.0635,48.0
1935.5053310502283,13.949,0.038,60.0
1935.5270947488584,20.255,0.038,64.0
1935.5709988584474,11.849,0.075,111.0
1935.5846366057838,16.046,0.0635,66.0
1935.584710806697,15.738,0.075,122.0
1935.6041552511415,13.45,0.075,6.0
1935.606546803653,20.576,0.0635,60.0
1935.6091723744291,33.986,0.0635,67.0
1935.6313546423135,29.752,0.038,58.0
1935.6340563165907,20.12,0.038,90.0
1935.6615258751904,15.472,0.038,99.0
1935.6829299847793,14.636,0.0635,70.0
1935.6830669710807,16.513,0.0635,71.0
1935.694189497717,36.86,0.075,50.0
1935.721246194825,13.325,0.038,94.0
1935.724244672755,20.46,0.038,92.0
1935.7486206240487,13.749,0.075,119.0
1935.751440258752,10.607,0.075,50.0
1935.7540391933028,13.523,0.0635,60.0
1935.7678063165906,22.286,0.075,60.0
1935.7923839421615,11.846,0.038,74.0
1936.3102876442015,50.0,0.2,30.0
1936.3320639799636,18.633,0.2,25.0
1936.4303373557984,21.605,0.0635,86.0
1936.5586122495447,17.009,0.075,95.0
1936.6047491651489,17.219,0.038,104.0
1936.6051457194899,43.943,0.038,102.0
1936.6078248330298,17.266,0.075,60.0
1936.6156971007892,14.081,0.075,138.0
1936.6922453703703,11.609,0.075,77.0
1936.703075667881,12.801,0.075,98.0
1936.7356026108075,10.783,0.0635,80.0
1936.7356405585913,32.7,0.038,120.0
1937.3001598173516,19.62,0.038,59.0
1937.3712766362253,14.047,0.038,65.0
1937.4589326484017,31.915,0.075,65.0
1937.4779014459666,29.643,0.075,40.0
1937.5164573820396,16.032,0.038,94.0
1937.540913242009,17.235,0.038,120.0
1937.5462328767123,16.806,0.075,54.0
1937.5545110350076,20.021,0.075,40.0
1937.6201008371386,32.889,0.075,62.0
1937.69125761035,8.196,0.075,85.0
1937.7049429223744,8.289,0.075,85.0
1937.7295547945205,11.293,0.038,50.0
1937.7460292998478,11.981,0.075,70.0
1937.7598040334856,11.428,0.075,68.0
1937.7786605783865,25.586,0.075,60.0
1937.8170547945206,10.341,0.038,83.0
1937.844406392694,8.646,0.038,82.0
1937.844398782344,8.641,0.075,64.0
1938.3193017503804,18.807,0.038,55.0
1938.3384094368341,16.06,0.038,107.0
1938.352092846271,17.845,0.038,84.0
1938.4149353120245,16.635,0.038,108.0
1938.4177245053272,18.13,0.038,160.0
1938.4287519025875,10.763,0.075,65.0
1938.450664003044,45.458,0.075,60.0
1938.4943569254185,11.378,0.075,69.0
1938.513555936073,25.383,0.038,120.0
1938.5653291476408,20.143,0.038,107.0
1938.6612252663622,49.451,0.4,180.0
1938.6693226788432,17.17,0.038,96.0
1938.6939535768645,50.0,0.075,61.0
1938.6966990106546,17.82,0.075,50.0
1938.7321822678844,23.396,0.075,60.0
1938.7323002283106,28.358,0.075,62.0
1938.7513755707762,15.631,0.075,64.0
1938.7596385083714,30.0,0.075,55.0
1938.7597526636225,26.17,0.075,61.0
1938.7623611111112,24.756,0.075,41.0
1938.7733961187214,43.826,0.075,50.0
1938.77600456621,50.0,0.038,56.0
1938.7760216894976,42.903,0.075,58.0
1938.8198040334855,12.213,0.038,82.0
1938.8362119482497,13.691,0.075,60.0
1938.8608352359208,14.912,0.038,57.0
1938.8881506849316,11.052,0.038,96.0
1939.2399353120243,12.027,0.038,72.0
1939.3302435312025,27.415,0.038,72.0
1939.3657895738204,11.574,0.038,66.0
1939.4315372907154,18.579,0.075,60.0
1939.4478824200912,14.743,0.038,137.0
1939.4642294520547,19.813,0.038,83.0
1939.4999219939118,25.514,0.075,60.0
1939.500051369863,30.38,0.075,71.0
1939.5243759512937,21.351,0.075,60.0
1939.5244368340943,22.517,0.038,101.0
1939.529805936073,43.943,0.4,180.0
1939.53549086758,18.228,0.075,60.0
1939.5489212328766,10.478,0.038,155.0
1939.5490239726028,13.411,0.075,60.0
1939.5518378995434,9.94,0.075,70.0
1939.5546461187214,10.474,0.075,90.0
1939.5955479452055,39.652,0.075,113.0
1939.6066152968037,10.005,0.075,60.0
1939.6090715372907,31.237,0.038,120.0
1939.6146537290715,10.996,0.075,35.0
1939.6448192541857,12.06,0.075,62.0
1939.6720719178081,39.396,0.075,60.0
1939.704809741248,9.612,0.038,90.0
1939.7077264079148,8.9,0.038,100.0
1939.71849695586,11.75,0.075,61.0
1939.7266552511417,21.476,0.075,60.0
1939.7267656012177,19.572,0.075,54.0
1939.7759760273973,10.436,0.038,56.0
1939.7760273972603,10.992,0.4,10.0
1939.7760882800608,10.822,0.4,10.0
1939.7841229071537,50.0,0.075,55.0
1939.7842579908677,11.72,0.075,60.0
1939.7977720700153,42.603,0.075,61.0
1939.80323630137,34.051,0.075,60.0
1939.814200913242,18.617,0.075,60.0
1939.827994672755,50.0,0.038,59.0
1939.8362176560122,15.289,0.038,70.0
1939.852657914764,15.498,0.075,57.0
1939.8527663622526,13.995,0.075,54.0
1940.351113767456,13.066,0.038,108.0
1940.356614298725,11.493,0.038,75.0
1940.430272844566,19.572,0.075,62.0
1940.4603464632664,26.704,0.075,60.0
1940.468522313297,33.613,0.075,69.0
1940.4739754098362,18.674,0.075,65.0
1940.4877333788706,30.97,0.038,71.0
1940.4904789010322,25.621,0.075,51.0
1940.4957005160898,14.146,0.075,74.0
1940.4957441560414,11.464,0.038,105.0
1940.512105343048,17.089,0.038,119.0
1940.5147977383122,16.504,0.075,77.0
1940.514915376442,11.88,0.075,80.0
1940.5204804189436,13.533,0.038,86.0
1940.5366347905283,39.144,0.075,59.0
1940.5367486338798,21.057,0.075,60.0
1940.5368662720098,25.706,0.038,120.0
1940.5747191863995,19.063,0.075,61.0
1940.5965448542804,13.539,0.075,68.0
1940.5966871584699,16.73,0.075,58.0
1940.5967991044322,16.684,0.075,59.0
1940.6130654219794,17.89,0.075,81.0
1940.6212090163935,33.308,0.075,59.0
1940.621322859745,28.227,0.075,60.0
1940.6238995142683,18.944,0.075,53.0
1940.6373975409836,20.0,0.075,72.0
1940.6375569216757,50.0,0.075,59.0
1940.6400937310261,11.364,0.075,51.0
1940.6892019581057,12.445,0.075,70.0
1940.689255085003,17.82,0.075,60.0
1940.689372723133,18.617,0.075,60.0
1940.7055878111719,16.73,0.075,65.0
1940.719201578628,11.796,0.075,48.0
1940.719302140255,15.657,0.075,56.0
1940.741106936855,10.638,0.038,120.0
1940.7437329234972,24.232,0.075,52.0
1940.773747723133,20.131,0.075,56.0
1940.7738236187006,12.156,0.075,60.0
1940.7765368852458,14.345,0.075,65.0
1940.7874962052217,30.23,0.075,29.0
1940.814687689739,12.695,0.075,37.0
1940.8148129174256,9.728,0.075,89.0
1941.2672907153728,10.021,0.038,54.0
1941.3767313546423,12.362,0.038,83.0
1941.379366438356,9.359,0.038,68.0
1941.4123325722983,12.329,0.038,87.0
1941.488896499239,28.991,0.038,126.0
1941.5408751902587,11.903,0.075,65.0
1941.5628101217656,13.189,0.075,60.0
1941.6694235159816,32.236,0.038,80.0
1941.6832058599696,24.689,0.075,45.0
1941.699303652968,13.057,0.075,60.0
1941.702081430746,10.939,0.038,117.0
1941.7130251141552,17.233,0.075,120.0
1941.7322792998477,17.615,0.075,118.0
1941.7459798325724,10.32,0.075,47.0
1941.7786491628615,10.126,0.075,60.0
1941.7813831811263,11.039,0.038,48.0
1942.510802891933,19.286,0.038,153.0
1942.5326997716895,23.448,0.038,138.0
1942.5600304414004,50.0,0.075,74.0
1942.6803386605784,10.744,0.075,118.0
1942.7020947488584,13.189,0.038,107.0
1942.7268245814307,17.7,0.075,56.0
1942.726942541857,19.934,0.075,65.0
1942.7460578386606,10.904,0.075,60.0
1942.852657914764,10.274,0.075,106.0
1943.2782096651447,11.314,0.038,87.0
1943.5492123287672,44.157,0.038,121.0
1943.5844596651445,14.324,0.038,90.0
1943.5871727549468,10.999,0.038,122.0
1943.6337043378996,12.516,0.038,89.0
1943.729604261796,11.385,0.038,93.0
1943.7431773211567,11.784,0.038,105.0
1943.8307020547945,11.618,0.038,60.0
1944.3811380540376,15.765,0.075,15.0
1944.3839556769885,18.174,0.075,15.0
1944.386534228901,20.437,0.038,120.0
1944.386612021858,19.551,0.075,17.0
1944.4002314814816,15.684,0.075,15.0
1944.452218047966,9.928,0.038,30.0
1944.4874772313296,16.041,0.075,15.0
1944.4985238312083,17.688,0.038,70.0
1944.5229280510018,13.55,0.075,20.0
1944.5229678961748,19.223,0.075,20.0
1944.5364090012142,9.385,0.075,15.0
1944.555768063145,9.452,0.038,121.0
1944.5664370825743,13.759,0.038,77.0
1944.5666173345476,13.6,0.075,98.0
1944.5829880085003,22.295,0.038,67.0
1944.5830866727383,13.59,0.075,15.0
1944.5831227231329,13.303,0.075,15.0
1944.5831853369764,13.011,0.075,25.0
1944.6046808591377,9.443,0.075,11.0
1944.604938904068,10.738,0.075,15.0
1944.6051779751062,11.456,0.075,15.0
1944.607325819672,9.918,0.075,15.0
1944.60754212204,9.718,0.075,15.0
1944.6076939131756,10.814,0.075,15.0
1944.6078608834243,10.982,0.075,15.0
1944.6239393594415,11.123,0.075,15.0
1944.632018442623,7.865,0.075,15.0
1944.6321854128719,9.653,0.038,122.0
1944.6322176684882,9.011,0.075,15.0
1944.6346671979356,9.168,0.075,15.0
1944.6348948846387,9.308,0.075,15.0
1944.6374582574379,11.536,0.075,15.0
1944.6377238919247,11.661,0.075,15.17
1944.653815649666,10.801,0.075,15.0
1944.6865095628416,10.911,0.075,15.0
1944.6867011991499,11.245,0.075,15.0
1944.6896269732847,10.904,0.075,15.0
1944.6919816332727,11.28,0.075,15.0
1944.6920954766242,8.94,0.075,15.0
1944.6922662416514,9.1,0.075,15.0
1944.6947005919853,8.629,0.075,15.0
1944.6974593958712,9.207,0.038,113.0
1944.7086388129933,9.215,0.075,15.0
1944.7110655737704,8.229,0.075,15.0
1944.7111243928355,8.721,0.038,88.0
1944.7574643290832,12.262,0.038,54.0
1944.7766317547055,11.457,0.038,68.0
1945.4369615677322,9.708,0.075,78.0
1945.499805936073,9.516,0.038,68.0
1945.4999904870624,11.545,0.038,99.0
1945.5270509893455,8.193,0.038,66.0
1945.6064973363775,9.166,0.038,84.0
1945.6093226788432,11.272,0.038,76.0
1945.6528462709284,11.329,0.075,84.0
1945.6720110350077,10.394,0.038,144.0
1945.6883808980213,9.078,0.038,82.0
1945.737701674277,9.182,0.075,95.0
1945.756803652968,8.186,0.038,65.0
1945.8307229832571,8.062,0.038,93.0
1945.9730802891934,10.353,0.038,56.0
1945.9785102739727,8.403,0.075,20.0
1945.978552130898,10.224,0.038,63.0
1946.155083713851,8.94,0.038,52.0
1946.4807819634702,8.27,0.075,87.0
1946.6392579908677,8.388,0.075,81.0
1946.7212538051751,13.019,0.038,124.0
1947.4588527397261,32.641,0.038,117.0
1947.4917332572297,14.358,0.038,75.0
1947.6145547945205,9.361,0.075,106.0
1948.503796675774,11.602,0.075,49.0
1948.5174351092896,18.443,0.038,66.0
1948.5257570582878,17.202,0.038,120.0
1948.5259885397693,50.0,0.075,75.0
1948.5368131451123,50.0,0.038,91.0
1948.575098664238,50.0,0.4,30.0
1948.6513186854888,50.0,0.038,102.0
1948.689224726776,35.104,0.038,67.0
1948.7683534456587,24.393,0.075,38.0
1949.4752796803652,18.71,0.038,41.0
1950.4342503805176,12.582,0.075,46.0
1950.5597450532725,28.491,0.038,40.0
1950.8361643835617,10.4,0.4,10.0
1951.3520624048706,20.606,0.075,70.0
1951.505213089802,16.563,0.075,76.0
1951.5164079147642,12.099,0.4,10.0
1951.5681868340944,11.537,0.4,10.0
1951.5901065449011,21.705,0.075,101.0
1962.5058181126333,10.178,0.042,15.0
1962.511282343988,13.037,0.042,60.0
1962.571392694064,18.519,0.042,NaN
1967.7541133942161,9.648,0.042,120.0
1968.4745237553127,10.669,0.042,70.0
1968.4745237553127,12.188,0.042,70.0
1968.558468047966,9.166,0.042,90.0
1968.5693875227687,13.473,0.042,120.0
1968.7110788554949,15.328,0.042,120.0
1968.7110788554949,12.944,0.042,120.0
1968.7165755919855,13.707,0.042,120.0
1969.5188984018264,11.746,0.042,120.0
1973.5627587519025,20.054,0.042,120.0
1973.6831868340944,41.817,0.042,121.0
1973.721345129376,23.149,0.042,120.0
1973.7349353120244,33.733,0.042,120.0
1973.751308980213,44.05,0.042,120.0
1974.294611872146,32.178,0.042,114.0
1974.5271270928463,13.864,0.042,31.0
1974.5543226788432,14.683,0.042,NaN
1974.617444824962,13.96,0.042,69.0
1974.6994121004566,34.243,0.042,60.0
1974.7705859969558,14.415,0.042,36.0
1974.7951997716896,15.605,0.042,35.0
1974.9401883561643,26.113,0.042,60.0
1974.964842085236,50.0,0.042,63.0
1974.964842085236,11.94,0.042,63.0
1975.5052264079147,9.633,0.042,42.0
1975.543713850837,10.478,0.042,48.0
1975.5789687975646,12.771,0.042,76.0
1975.6065315829528,10.751,0.042,60.0
1975.6646308980214,11.046,0.042,15.0
1975.666617199391,13.18,0.042,60.0
1975.6775418569255,13.374,0.042,60.0
1975.7649771689498,15.445,0.042,63.0
1975.8143169710806,12.88,0.042,60.0
1975.822452435312,16.032,0.042,60.0
1975.825190258752,12.354,0.042,60.0
1975.9237785388127,17.951,0.042,60.0
1976.340181010929,10.802,0.042,33.97
1976.397563752277,10.306,0.042,31.13
1976.397614981785,10.861,0.042,21.1
1976.422121660595,11.9,0.042,34.82
1976.4738881299331,14.912,0.042,32.35
1976.4765824225865,9.264,0.042,34.27
1976.5583390255008,19.473,0.042,35.52
1976.5857961445051,13.037,0.042,38.4
1976.585982088646,27.332,0.042,36.85
1976.6293298421372,21.452,0.042,36.4
1976.634887295082,29.225,0.042,39.92
1976.6620636004857,26.417,0.042,36.08
1976.6621774438372,22.686,0.042,38.05
1976.7278024438374,22.657,0.042,39.08
1976.7439814814816,21.631,0.042,34.77
1976.7441655282332,21.401,0.042,36.2
1976.8639552975105,38.0,0.042,35.0
1976.9758898755313,31.563,0.042,35.77
1977.3739041095891,20.009,0.042,36.12
1977.4369235159818,27.665,0.042,35.12
1977.4478919330288,23.693,0.042,36.18
1977.5243949771689,22.35,0.042,35.07
1977.5351921613394,29.752,0.042,36.0
1977.557199391172,36.009,0.042,36.18
1977.5572773972603,34.701,0.042,36.17
1977.620458523592,50.0,0.042,36.05
1977.636796042618,32.524,0.042,34.93
1977.6886263318113,37.343,0.042,35.8
1977.7595985540336,33.609,0.042,38.17
1977.7596784627092,29.462,0.042,36.15
1977.9458713850838,50.0,0.042,32.53
1978.2864421613394,34.569,0.042,33.75
1978.3600742009132,27.415,0.042,36.22
1978.4122583713852,26.038,0.042,34.88
1978.4423249619483,26.001,0.042,34.53
1978.497140410959,34.767,0.042,36.05
1978.6040087519025,43.943,0.042,35.0
1978.6693892694063,37.731,0.042,35.4
1978.7350475646879,32.524,0.042,36.07
1978.7736700913242,26.302,0.042,34.83
1978.8308371385083,20.694,0.042,64.12
1978.839054414003,34.307,0.042,35.6
1979.4121860730593,29.998,0.042,34.6
1979.4696689497716,29.752,0.042,35.23
1979.6282610350077,41.914,0.042,35.47
1979.6968264840182,50.0,0.042,34.08
1979.7295072298325,25.889,0.042,34.02
1979.729663242009,24.07,0.042,34.65
1979.9593892694063,30.0,0.042,34.83
1980.4465733151185,42.011,0.042,35.83
1980.5474916514875,21.787,0.042,34.75
1980.6238350030358,35.0,0.042,35.0
1980.69748595932,21.152,0.042,35.85
1980.6977212355798,19.684,0.042,34.32
1980.7494630388585,24.23,0.042,35.23
1980.7519770795386,21.005,0.042,31.73
1980.7740000758956,24.658,0.042,35.05
1980.8339139344262,26.494,0.042,38.1
1981.4286244292236,23.848,0.042,36.73
1981.488808980213,50.0,0.042,36.33
1981.6012100456621,23.974,0.042,35.0
1981.636491628615,27.793,0.042,34.92
1981.7486929223744,41.817,0.042,37.7
1981.8143759512939,50.0,0.042,36.58
1982.2289573820397,24.459,0.042,36.05
1982.327290715373,18.538,0.042,33.23
1982.3054832572298,21.735,0.042,27.4
1982.3110292998479,18.768,0.042,34.43
1982.376645738204,50.0,0.042,41.55
1982.4641210045663,32.878,0.042,34.97
1982.4697926179604,27.878,0.042,35.82
1982.5269653729072,34.569,0.042,35.67
1982.557250761035,36.963,0.042,34.65
1982.6501788432267,36.664,0.042,35.42
1982.6939687975646,24.998,0.042,34.98
1982.694054414003,21.761,0.042,34.17
1982.7185882800609,50.0,0.042,36.25
1982.7759836377472,29.85,0.042,35.88
1982.776202435312,30.76,0.042,36.57
1982.800660197869,43.418,0.042,36.72
1982.8525913242008,33.609,0.042,36.17
1982.8526750380518,27.415,0.042,35.38
1982.8746289954338,30.0,0.042,36.65
1982.9346841704719,48.656,0.042,35.42
1982.95399543379,41.625,0.042,36.13
1983.127749238965,20.0,0.042,36.82
1983.198845129376,25.561,0.042,33.87
1983.2837328767123,32.466,0.042,35.18
1983.2945471841704,31.563,0.042,36.6
1983.2947050989346,33.546,0.042,35.5
1983.3548611111112,19.705,0.042,35.2
1983.362954718417,19.124,0.042,34.42
1983.37650304414,17.518,0.042,35.13
1983.4367161339421,28.991,0.042,37.47
1983.4424733637748,30.605,0.042,36.25
1983.5024847793,19.705,0.042,36.43
1983.5900646879757,39.713,0.042,36.83
1983.590209284627,36.225,0.042,35.53
1983.6231849315068,24.459,0.042,36.77
1983.6694577625572,21.326,0.042,35.42
1983.6748439878234,33.178,0.042,36.93
1983.6911605783866,25.706,0.042,37.07
1983.7431811263318,27.209,0.042,36.07
1983.7432553272452,25.136,0.042,34.75
1983.773409436834,20.86,0.042,26.13
1983.8252720700152,24.625,0.042,34.02
1983.8280156012177,22.406,0.042,36.42
1983.8527187975646,47.51,0.042,37.42
1983.904541476408,43.837,0.042,39.82
1983.915561263318,40.968,0.042,35.97
1983.9812519025875,50.0,0.042,30.77
1983.9813184931506,40.0,0.042,36.02
1984.016856405586,40.0,0.042,37.0
1984.1164294930177,20.884,0.042,37.97
1984.165655358227,45.6,0.042,27.1
1984.1683041135398,29.655,0.042,35.35
1984.2365892531875,34.114,0.042,31.92
1984.3265311930784,18.221,0.042,32.13
1984.3375777929568,29.414,0.042,25.45
1984.4001593806922,21.866,0.042,38.17
1984.4057149362477,24.591,0.042,36.08
1984.4710116879173,19.641,0.042,37.78
1984.487716302368,25.347,0.042,39.08
1984.561228749241,16.727,0.042,35.73
1984.5803696114147,16.262,0.042,36.25
1984.6292956891318,45.485,0.042,35.47
1984.6375702034002,22.915,0.042,36.08
1984.6538687765635,33.423,0.042,38.23
1984.7111509562842,22.944,0.042,38.15
1984.714006527019,20.21,0.042,35.97
1984.7552462811173,32.818,0.042,34.9
1984.7902227534912,33.239,0.042,36.05
1984.7903043412264,29.948,0.042,39.53
1984.8722374013357,48.268,0.042,37.28
1984.877582346691,47.76,0.042,36.23
1984.9049123406194,30.97,0.042,36.3
1984.9676400273224,50.0,0.042,35.42
1984.9869896023072,30.0,0.042,43.23
1985.1332305936073,25.0,0.042,35.7
1985.1414535768645,30.0,0.042,30.27
1985.1605783866057,30.97,0.042,32.93
1985.2015696347032,29.801,0.042,32.17
1985.2043702435312,28.007,0.042,37.13
1985.2317465753424,28.945,0.042,37.08
1985.2945509893455,28.05,0.042,36.02
1985.3138299086759,22.657,0.042,12.98
1985.38475456621,33.859,0.042,36.8
1985.3849257990867,33.546,0.042,37.12
1985.4532667427702,39.975,0.042,36.9
1985.4534227549468,39.029,0.042,35.25
1985.4671556316591,31.453,0.042,35.33
1985.5436529680364,27.878,0.042,36.0
1985.6034893455098,50.0,0.042,36.0
1985.6066324200913,50.0,0.042,30.0
1985.6284284627093,50.0,0.042,36.0
1985.6858409436834,33.485,0.042,36.0
1985.6859189497716,32.121,0.042,36.0
1985.7131221461186,36.887,0.042,36.0
1985.7924942922375,50.0,0.042,36.0
1985.852555175038,50.0,0.042,36.0
1985.9511529680365,50.0,0.042,33.0
1985.9540334855403,40.0,0.042,36.0
1985.9949543378996,50.0,0.042,36.0
1986.0086643835616,49.859,0.042,30.0
1986.0278633942162,50.0,0.042,34.0
1986.2535235920852,32.466,0.042,35.0
1986.2536872146118,50.0,0.042,30.0
1986.2782857686454,28.762,0.042,28.0
1986.3355384322679,26.34,0.042,36.0
1986.3547850076104,31.508,0.042,35.0
1986.3656544901066,29.51,0.042,36.0
1986.4205726788432,29.038,0.042,36.0
1986.4233143074582,29.85,0.042,36.0
1986.4396251902588,22.268,0.042,36.0
1986.4970776255707,49.722,0.042,31.0
1983.5215563165905,25.206,0.042,36.3
1986.5247127092846,37.497,0.042,33.0
1986.5904147640792,35.104,0.042,36.0
1986.6119520547945,31.563,0.042,20.0
1986.6500761035009,36.887,0.042,36.0
1986.6583485540334,27.168,0.042,36.0
1986.68576674277,29.51,0.042,36.0
1986.732448630137,23.508,0.042,30.0
1986.8115144596652,26.611,0.042,30.0
1986.833508371385,25.779,0.042,37.0
1986.9101008371385,28.05,0.042,37.0
1986.9703386605784,41.817,0.042,37.0
1987.1578082191782,26.226,0.042,35.0
1987.234450152207,50.0,0.042,36.0
1987.3273649162861,15.187,0.042,35.0
1987.3275209284627,23.149,0.042,33.0
1987.4123439878235,50.0,0.042,33.0
1987.4640905631659,35.309,0.042,35.0
1987.491697108067,25.561,0.042,36.0
1987.5572279299847,26.075,0.042,35.0
1987.5574505327245,23.943,0.042,36.0
1987.5737690258752,40.601,0.042,38.0
1987.631158675799,29.998,0.042,36.0
1987.6365734398782,50.0,0.042,36.0
1987.6502910958905,34.372,0.042,36.0
1987.735209284627,36.225,0.042,35.0
1987.7842617960425,41.817,0.042,36.0
1987.8061339421613,45.6,0.042,36.0
1987.866407914764,50.0,0.042,36.0
1987.8664821156774,50.0,0.042,36.0
1987.9622127092846,42.602,0.042,36.0
1987.9758257229832,35.867,0.042,31.0
1988.2092934122647,34.569,0.042,33.0
1988.2119364754099,17.202,0.042,36.0
1988.299231557377,18.167,0.042,36.0
1988.2993055555555,20.098,0.042,36.0
1988.3701654523377,30.553,0.042,36.0
1988.4328893442623,28.491,0.042,36.0
1988.4464860352155,38.127,0.042,36.0
1988.5938126138433,50.0,0.042,30.0
1988.61581284153,28.137,0.042,30.0
1988.6839480874316,27.793,0.042,36.0
1988.7793127656346,30.047,0.042,7.0
1988.8420727079538,50.0,0.042,36.0
1988.8693894201579,33.178,0.042,30.0
1988.8721956587735,26.65,0.042,30.0
1988.9240911505767,25.241,0.042,36.0
1988.9376138433515,29.272,0.042,36.0
1988.93768784153,23.88,0.042,36.0
1988.9949852003642,43.732,0.042,36.0
1989.190700152207,17.654,0.042,36.0
1989.3410977929984,30.197,0.042,36.0
1989.4451902587518,31.896,0.042,35.0
1989.519090563166,36.59,0.042,36.0
1989.5736054033487,26.151,0.042,36.0
1989.5764345509892,50.0,0.042,36.0
1989.6446613394216,50.0,0.042,36.0
1989.644853500761,50.0,0.042,36.0
1989.7404452054795,27.291,0.042,36.0
1989.8115220700151,18.5,0.042,36.0
1989.8117770167428,20.414,0.042,36.0
1989.8991742770168,38.946,0.042,36.0
